source,module,start_page,end_page
Care group.pdf,1,12,13
Care group.pdf,2,14,15
Care group.pdf,3,16,17
Care group.pdf,4,18,19
Care group.pdf,5,20,21
Care group.pdf,6,22,23
Care group.pdf,7,24,26
Care group.pdf,8,27,27
Care group.pdf,9,28,29
Care group.pdf,10,30,31
Care group.pdf,11,32,33
Pre Primary.pdf,1,22,29
Pre Primary.pdf,2,6,9
Pre Primary.pdf,3,6,9
Pre Primary.pdf,4,6,9
Pre Primary.pdf,5,6,9
Pre Primary.pdf,6,30,41
Pre Vocational_I.pdf,1,11,27
Pre Vocational_I.pdf,2,28,39
Pre Vocational_I.pdf,3,40,104
Pre vocational.pdf,1,7,10
Pre vocational.pdf,2,22,28
Pre vocational.pdf,3,29,64
Pre vocational.pdf,4,65,74
Pre-Primary.pdf,1,11,17
Pre-Primary.pdf,2,4,17
Pre-Primary.pdf,3,4,17
Pre-Primary.pdf,4,4,17
Pre-Primary.pdf,5,4,17
Pre-Primary.pdf,6,18,21
Pre-Primary.pdf,7,22,37
Primary.pdf,1,16,33
Primary.pdf,9,34,49
Primary.pdf,10,50,87
Primary.pdf,2,8,33
Primary.pdf,3,8,33
Primary.pdf,4,8,33
Primary.pdf,5,8,33
Primary.pdf,6,8,33
Primary.pdf,7,8,33
Primary.pdf,8,8,33
Primary_1.pdf,1,8,36
Primary_1.pdf,2,73,89
Primary_1.pdf,3,37,89
Secondary.pdf,1,11,26
Secondary.pdf,2,27,79
Secondary.pdf,3,80,102
